"speaker","Overall.Share","group"
"JERRY",0.274759145580246,""
"OTHER",0.25950287992148,""
"GEORGE",0.194594873825862,""
"KRAMER",0.128991640048558,""
"ELAINE",0.142151460623854,""
